{
    "o:label": "Contribution",
    "o:resource_template_property": [
        {
            "o:alternate_label": null,
            "o:alternate_comment": null,
            "o:is_required": false,
            "o:is_private": false,
            "o:data": [
                {
                    "default_value": "",
                    "default_language": "",
                    "o:alternate_label": "",
                    "o:alternate_comment": "",
                    "is-title-property": "0",
                    "is-description-property": "0",
                    "o:is_required": "0",
                    "o:is_private": "0",
                    "locked_value": "0",
                    "autocomplete": "",
                    "value_languages": [],
                    "use_language": null,
                    "data_types": [],
                    "corrigible": true,
                    "editable": true,
                    "fillable": true
                }
            ],
            "data_types": [],
            "vocabulary_namespace_uri": "http://purl.org/dc/terms/",
            "vocabulary_label": "Dublin Core",
            "local_name": "title",
            "label": "Title"
        },
        {
            "o:alternate_label": null,
            "o:alternate_comment": null,
            "o:is_required": false,
            "o:is_private": false,
            "o:data": [
                {
                    "default_value": "",
                    "default_language": "",
                    "o:alternate_label": "",
                    "o:alternate_comment": "",
                    "is-title-property": "0",
                    "is-description-property": "0",
                    "o:is_required": "0",
                    "o:is_private": "0",
                    "locked_value": "0",
                    "autocomplete": "",
                    "value_languages": [],
                    "use_language": null,
                    "data_types": [],
                    "corrigible": true,
                    "editable": true,
                    "fillable": true
                }
            ],
            "data_types": [],
            "vocabulary_namespace_uri": "http://purl.org/dc/terms/",
            "vocabulary_label": "Dublin Core",
            "local_name": "description",
            "label": "Description"
        }
    ]
}